[
    {
        "name": "Course Info",
        "file": "courseinfo",
        "showSmall": "false"
    },
    {
        "name": "Lab 0",
        "file": "lab0",
        "showSmall": "true"
    },
    {
        "name": "Lab 1",
        "file": "lab1",
        "showSmall": "true"
    },
    {
        "name": "Lab 2",
        "file": "lab2",
        "showSmall": "true"
    },
    {
        "name": "Lab 3",
        "file": "lab3",
        "showSmall": "true"
    },
    {
        "name": "Lab 4",
        "file": "lab4",
        "showSmall": "true"
    }

]